[
  {
    "name": "Process Start",
    "start": 1668653751234,
    "end": 1668653752446,
    "duration": 1212,
    "pid": 7736,
    "index": 0
  },
  {
    "name": "Application Start",
    "start": 1668653752447,
    "end": 1668653753371,
    "duration": 924,
    "pid": 7736,
    "index": 1
  },
  {
    "name": "Load Plugin",
    "start": 1668653752453,
    "end": 1668653752476,
    "duration": 23,
    "pid": 7736,
    "index": 2
  },
  {
    "name": "Load Config",
    "start": 1668653752476,
    "end": 1668653752504,
    "duration": 28,
    "pid": 7736,
    "index": 3
  },
  {
    "name": "Require(0) config/config.default.js",
    "start": 1668653752477,
    "end": 1668653752477,
    "duration": 0,
    "pid": 7736,
    "index": 4
  },
  {
    "name": "Require(1) node_modules/egg-session/config/config.default.js",
    "start": 1668653752479,
    "end": 1668653752480,
    "duration": 1,
    "pid": 7736,
    "index": 5
  },
  {
    "name": "Require(2) node_modules/egg-security/config/config.default.js",
    "start": 1668653752480,
    "end": 1668653752481,
    "duration": 1,
    "pid": 7736,
    "index": 6
  },
  {
    "name": "Require(3) node_modules/egg-jsonp/config/config.default.js",
    "start": 1668653752482,
    "end": 1668653752482,
    "duration": 0,
    "pid": 7736,
    "index": 7
  },
  {
    "name": "Require(4) node_modules/egg-onerror/config/config.default.js",
    "start": 1668653752483,
    "end": 1668653752483,
    "duration": 0,
    "pid": 7736,
    "index": 8
  },
  {
    "name": "Require(5) node_modules/egg-i18n/config/config.default.js",
    "start": 1668653752484,
    "end": 1668653752485,
    "duration": 1,
    "pid": 7736,
    "index": 9
  },
  {
    "name": "Require(6) node_modules/egg-watcher/config/config.default.js",
    "start": 1668653752485,
    "end": 1668653752486,
    "duration": 1,
    "pid": 7736,
    "index": 10
  },
  {
    "name": "Require(7) node_modules/egg-schedule/config/config.default.js",
    "start": 1668653752486,
    "end": 1668653752487,
    "duration": 1,
    "pid": 7736,
    "index": 11
  },
  {
    "name": "Require(8) node_modules/egg-multipart/config/config.default.js",
    "start": 1668653752487,
    "end": 1668653752488,
    "duration": 1,
    "pid": 7736,
    "index": 12
  },
  {
    "name": "Require(9) node_modules/egg-development/config/config.default.js",
    "start": 1668653752489,
    "end": 1668653752489,
    "duration": 0,
    "pid": 7736,
    "index": 13
  },
  {
    "name": "Require(10) node_modules/egg-logrotator/config/config.default.js",
    "start": 1668653752489,
    "end": 1668653752490,
    "duration": 1,
    "pid": 7736,
    "index": 14
  },
  {
    "name": "Require(11) node_modules/egg-static/config/config.default.js",
    "start": 1668653752490,
    "end": 1668653752491,
    "duration": 1,
    "pid": 7736,
    "index": 15
  },
  {
    "name": "Require(12) node_modules/egg-view/config/config.default.js",
    "start": 1668653752491,
    "end": 1668653752492,
    "duration": 1,
    "pid": 7736,
    "index": 16
  },
  {
    "name": "Require(13) node_modules/egg-sequelize/config/config.default.js",
    "start": 1668653752492,
    "end": 1668653752493,
    "duration": 1,
    "pid": 7736,
    "index": 17
  },
  {
    "name": "Require(14) node_modules/egg-cors/config/config.default.js",
    "start": 1668653752493,
    "end": 1668653752494,
    "duration": 1,
    "pid": 7736,
    "index": 18
  },
  {
    "name": "Require(15) node_modules/egg/config/config.default.js",
    "start": 1668653752494,
    "end": 1668653752495,
    "duration": 1,
    "pid": 7736,
    "index": 19
  },
  {
    "name": "Require(16) config/config.default.js",
    "start": 1668653752496,
    "end": 1668653752496,
    "duration": 0,
    "pid": 7736,
    "index": 20
  },
  {
    "name": "Require(17) node_modules/egg-security/config/config.local.js",
    "start": 1668653752497,
    "end": 1668653752498,
    "duration": 1,
    "pid": 7736,
    "index": 21
  },
  {
    "name": "Require(18) node_modules/egg-watcher/config/config.local.js",
    "start": 1668653752499,
    "end": 1668653752499,
    "duration": 0,
    "pid": 7736,
    "index": 22
  },
  {
    "name": "Require(19) node_modules/egg-view/config/config.local.js",
    "start": 1668653752501,
    "end": 1668653752502,
    "duration": 1,
    "pid": 7736,
    "index": 23
  },
  {
    "name": "Require(20) node_modules/egg/config/config.local.js",
    "start": 1668653752503,
    "end": 1668653752503,
    "duration": 0,
    "pid": 7736,
    "index": 24
  },
  {
    "name": "Load extend/application.js",
    "start": 1668653752504,
    "end": 1668653752526,
    "duration": 22,
    "pid": 7736,
    "index": 25
  },
  {
    "name": "Require(21) node_modules/egg-session/app/extend/application.js",
    "start": 1668653752505,
    "end": 1668653752506,
    "duration": 1,
    "pid": 7736,
    "index": 26
  },
  {
    "name": "Require(22) node_modules/egg-security/app/extend/application.js",
    "start": 1668653752506,
    "end": 1668653752508,
    "duration": 2,
    "pid": 7736,
    "index": 27
  },
  {
    "name": "Require(23) node_modules/egg-jsonp/app/extend/application.js",
    "start": 1668653752508,
    "end": 1668653752510,
    "duration": 2,
    "pid": 7736,
    "index": 28
  },
  {
    "name": "Require(24) node_modules/egg-schedule/app/extend/application.js",
    "start": 1668653752512,
    "end": 1668653752515,
    "duration": 3,
    "pid": 7736,
    "index": 29
  },
  {
    "name": "Require(25) node_modules/egg-logrotator/app/extend/application.js",
    "start": 1668653752516,
    "end": 1668653752518,
    "duration": 2,
    "pid": 7736,
    "index": 30
  },
  {
    "name": "Require(26) node_modules/egg-view/app/extend/application.js",
    "start": 1668653752519,
    "end": 1668653752521,
    "duration": 2,
    "pid": 7736,
    "index": 31
  },
  {
    "name": "Load extend/request.js",
    "start": 1668653752526,
    "end": 1668653752539,
    "duration": 13,
    "pid": 7736,
    "index": 32
  },
  {
    "name": "Require(27) node_modules/egg/app/extend/request.js",
    "start": 1668653752531,
    "end": 1668653752532,
    "duration": 1,
    "pid": 7736,
    "index": 33
  },
  {
    "name": "Load extend/response.js",
    "start": 1668653752539,
    "end": 1668653752551,
    "duration": 12,
    "pid": 7736,
    "index": 34
  },
  {
    "name": "Require(28) node_modules/egg/app/extend/response.js",
    "start": 1668653752544,
    "end": 1668653752546,
    "duration": 2,
    "pid": 7736,
    "index": 35
  },
  {
    "name": "Load extend/context.js",
    "start": 1668653752551,
    "end": 1668653752615,
    "duration": 64,
    "pid": 7736,
    "index": 36
  },
  {
    "name": "Require(29) node_modules/egg-security/app/extend/context.js",
    "start": 1668653752552,
    "end": 1668653752566,
    "duration": 14,
    "pid": 7736,
    "index": 37
  },
  {
    "name": "Require(30) node_modules/egg-jsonp/app/extend/context.js",
    "start": 1668653752567,
    "end": 1668653752568,
    "duration": 1,
    "pid": 7736,
    "index": 38
  },
  {
    "name": "Require(31) node_modules/egg-i18n/app/extend/context.js",
    "start": 1668653752569,
    "end": 1668653752570,
    "duration": 1,
    "pid": 7736,
    "index": 39
  },
  {
    "name": "Require(32) node_modules/egg-multipart/app/extend/context.js",
    "start": 1668653752571,
    "end": 1668653752605,
    "duration": 34,
    "pid": 7736,
    "index": 40
  },
  {
    "name": "Require(33) node_modules/egg-view/app/extend/context.js",
    "start": 1668653752607,
    "end": 1668653752608,
    "duration": 1,
    "pid": 7736,
    "index": 41
  },
  {
    "name": "Require(34) node_modules/egg/app/extend/context.js",
    "start": 1668653752609,
    "end": 1668653752610,
    "duration": 1,
    "pid": 7736,
    "index": 42
  },
  {
    "name": "Load extend/helper.js",
    "start": 1668653752615,
    "end": 1668653752646,
    "duration": 31,
    "pid": 7736,
    "index": 43
  },
  {
    "name": "Require(35) node_modules/egg-security/app/extend/helper.js",
    "start": 1668653752616,
    "end": 1668653752637,
    "duration": 21,
    "pid": 7736,
    "index": 44
  },
  {
    "name": "Require(36) node_modules/egg/app/extend/helper.js",
    "start": 1668653752641,
    "end": 1668653752641,
    "duration": 0,
    "pid": 7736,
    "index": 45
  },
  {
    "name": "Load app.js",
    "start": 1668653752646,
    "end": 1668653752691,
    "duration": 45,
    "pid": 7736,
    "index": 46
  },
  {
    "name": "Require(37) node_modules/egg-session/app.js",
    "start": 1668653752647,
    "end": 1668653752647,
    "duration": 0,
    "pid": 7736,
    "index": 47
  },
  {
    "name": "Require(38) node_modules/egg-security/app.js",
    "start": 1668653752647,
    "end": 1668653752650,
    "duration": 3,
    "pid": 7736,
    "index": 48
  },
  {
    "name": "Require(39) node_modules/egg-onerror/app.js",
    "start": 1668653752651,
    "end": 1668653752661,
    "duration": 10,
    "pid": 7736,
    "index": 49
  },
  {
    "name": "Require(40) node_modules/egg-i18n/app.js",
    "start": 1668653752661,
    "end": 1668653752678,
    "duration": 17,
    "pid": 7736,
    "index": 50
  },
  {
    "name": "Require(41) node_modules/egg-watcher/app.js",
    "start": 1668653752678,
    "end": 1668653752682,
    "duration": 4,
    "pid": 7736,
    "index": 51
  },
  {
    "name": "Require(42) node_modules/egg-schedule/app.js",
    "start": 1668653752683,
    "end": 1668653752684,
    "duration": 1,
    "pid": 7736,
    "index": 52
  },
  {
    "name": "Require(43) node_modules/egg-multipart/app.js",
    "start": 1668653752684,
    "end": 1668653752686,
    "duration": 2,
    "pid": 7736,
    "index": 53
  },
  {
    "name": "Require(44) node_modules/egg-development/app.js",
    "start": 1668653752686,
    "end": 1668653752687,
    "duration": 1,
    "pid": 7736,
    "index": 54
  },
  {
    "name": "Require(45) node_modules/egg-logrotator/app.js",
    "start": 1668653752687,
    "end": 1668653752687,
    "duration": 0,
    "pid": 7736,
    "index": 55
  },
  {
    "name": "Require(46) node_modules/egg-static/app.js",
    "start": 1668653752688,
    "end": 1668653752688,
    "duration": 0,
    "pid": 7736,
    "index": 56
  },
  {
    "name": "Require(47) node_modules/egg-sequelize/app.js",
    "start": 1668653752689,
    "end": 1668653752689,
    "duration": 0,
    "pid": 7736,
    "index": 57
  },
  {
    "name": "Require(48) node_modules/egg-cors/app.js",
    "start": 1668653752689,
    "end": 1668653752690,
    "duration": 1,
    "pid": 7736,
    "index": 58
  },
  {
    "name": "Before Start in node_modules/egg-watcher/lib/init.js:15:14",
    "start": 1668653752701,
    "end": 1668653753337,
    "duration": 636,
    "pid": 7736,
    "index": 59
  },
  {
    "name": "Load \"Symbol(model)\" to Application",
    "start": 1668653753148,
    "end": 1668653753158,
    "duration": 10,
    "pid": 7736,
    "index": 60
  },
  {
    "name": "Before Start in node_modules/egg-sequelize/lib/loader.js:39:7",
    "start": 1668653753158,
    "end": 1668653753370,
    "duration": 212,
    "pid": 7736,
    "index": 61
  },
  {
    "name": "Load Service",
    "start": 1668653753158,
    "end": 1668653753169,
    "duration": 11,
    "pid": 7736,
    "index": 62
  },
  {
    "name": "Load \"service\" to Context",
    "start": 1668653753158,
    "end": 1668653753169,
    "duration": 11,
    "pid": 7736,
    "index": 63
  },
  {
    "name": "Load Middleware",
    "start": 1668653753170,
    "end": 1668653753291,
    "duration": 121,
    "pid": 7736,
    "index": 64
  },
  {
    "name": "Load \"middlewares\" to Application",
    "start": 1668653753170,
    "end": 1668653753275,
    "duration": 105,
    "pid": 7736,
    "index": 65
  },
  {
    "name": "Load Controller",
    "start": 1668653753291,
    "end": 1668653753294,
    "duration": 3,
    "pid": 7736,
    "index": 66
  },
  {
    "name": "Load \"controller\" to Application",
    "start": 1668653753291,
    "end": 1668653753294,
    "duration": 3,
    "pid": 7736,
    "index": 67
  },
  {
    "name": "Load Router",
    "start": 1668653753294,
    "end": 1668653753296,
    "duration": 2,
    "pid": 7736,
    "index": 68
  },
  {
    "name": "Require(49) app/router.js",
    "start": 1668653753294,
    "end": 1668653753295,
    "duration": 1,
    "pid": 7736,
    "index": 69
  },
  {
    "name": "Before Start in node_modules/egg-core/lib/egg.js:303:10",
    "start": 1668653753295,
    "end": 1668653753324,
    "duration": 29,
    "pid": 7736,
    "index": 70
  }
]