[
  {
    "name": "Process Start",
    "start": 1668652957417,
    "end": 1668652958550,
    "duration": 1133,
    "pid": 18568,
    "index": 0
  },
  {
    "name": "Application Start",
    "start": 1668652958551,
    "end": 1668652959642,
    "duration": 1091,
    "pid": 18568,
    "index": 1
  },
  {
    "name": "Load Plugin",
    "start": 1668652958557,
    "end": 1668652958579,
    "duration": 22,
    "pid": 18568,
    "index": 2
  },
  {
    "name": "Load Config",
    "start": 1668652958579,
    "end": 1668652958606,
    "duration": 27,
    "pid": 18568,
    "index": 3
  },
  {
    "name": "Require(0) config/config.default.js",
    "start": 1668652958580,
    "end": 1668652958580,
    "duration": 0,
    "pid": 18568,
    "index": 4
  },
  {
    "name": "Require(1) node_modules/egg-session/config/config.default.js",
    "start": 1668652958582,
    "end": 1668652958583,
    "duration": 1,
    "pid": 18568,
    "index": 5
  },
  {
    "name": "Require(2) node_modules/egg-security/config/config.default.js",
    "start": 1668652958583,
    "end": 1668652958584,
    "duration": 1,
    "pid": 18568,
    "index": 6
  },
  {
    "name": "Require(3) node_modules/egg-jsonp/config/config.default.js",
    "start": 1668652958585,
    "end": 1668652958586,
    "duration": 1,
    "pid": 18568,
    "index": 7
  },
  {
    "name": "Require(4) node_modules/egg-onerror/config/config.default.js",
    "start": 1668652958586,
    "end": 1668652958587,
    "duration": 1,
    "pid": 18568,
    "index": 8
  },
  {
    "name": "Require(5) node_modules/egg-i18n/config/config.default.js",
    "start": 1668652958587,
    "end": 1668652958588,
    "duration": 1,
    "pid": 18568,
    "index": 9
  },
  {
    "name": "Require(6) node_modules/egg-watcher/config/config.default.js",
    "start": 1668652958588,
    "end": 1668652958589,
    "duration": 1,
    "pid": 18568,
    "index": 10
  },
  {
    "name": "Require(7) node_modules/egg-schedule/config/config.default.js",
    "start": 1668652958589,
    "end": 1668652958590,
    "duration": 1,
    "pid": 18568,
    "index": 11
  },
  {
    "name": "Require(8) node_modules/egg-multipart/config/config.default.js",
    "start": 1668652958590,
    "end": 1668652958591,
    "duration": 1,
    "pid": 18568,
    "index": 12
  },
  {
    "name": "Require(9) node_modules/egg-development/config/config.default.js",
    "start": 1668652958591,
    "end": 1668652958592,
    "duration": 1,
    "pid": 18568,
    "index": 13
  },
  {
    "name": "Require(10) node_modules/egg-logrotator/config/config.default.js",
    "start": 1668652958592,
    "end": 1668652958593,
    "duration": 1,
    "pid": 18568,
    "index": 14
  },
  {
    "name": "Require(11) node_modules/egg-static/config/config.default.js",
    "start": 1668652958593,
    "end": 1668652958594,
    "duration": 1,
    "pid": 18568,
    "index": 15
  },
  {
    "name": "Require(12) node_modules/egg-view/config/config.default.js",
    "start": 1668652958594,
    "end": 1668652958595,
    "duration": 1,
    "pid": 18568,
    "index": 16
  },
  {
    "name": "Require(13) node_modules/egg-sequelize/config/config.default.js",
    "start": 1668652958595,
    "end": 1668652958596,
    "duration": 1,
    "pid": 18568,
    "index": 17
  },
  {
    "name": "Require(14) node_modules/egg-cors/config/config.default.js",
    "start": 1668652958596,
    "end": 1668652958597,
    "duration": 1,
    "pid": 18568,
    "index": 18
  },
  {
    "name": "Require(15) node_modules/egg/config/config.default.js",
    "start": 1668652958597,
    "end": 1668652958598,
    "duration": 1,
    "pid": 18568,
    "index": 19
  },
  {
    "name": "Require(16) config/config.default.js",
    "start": 1668652958599,
    "end": 1668652958599,
    "duration": 0,
    "pid": 18568,
    "index": 20
  },
  {
    "name": "Require(17) node_modules/egg-security/config/config.local.js",
    "start": 1668652958600,
    "end": 1668652958600,
    "duration": 0,
    "pid": 18568,
    "index": 21
  },
  {
    "name": "Require(18) node_modules/egg-watcher/config/config.local.js",
    "start": 1668652958602,
    "end": 1668652958602,
    "duration": 0,
    "pid": 18568,
    "index": 22
  },
  {
    "name": "Require(19) node_modules/egg-view/config/config.local.js",
    "start": 1668652958604,
    "end": 1668652958604,
    "duration": 0,
    "pid": 18568,
    "index": 23
  },
  {
    "name": "Require(20) node_modules/egg/config/config.local.js",
    "start": 1668652958605,
    "end": 1668652958606,
    "duration": 1,
    "pid": 18568,
    "index": 24
  },
  {
    "name": "Load extend/application.js",
    "start": 1668652958607,
    "end": 1668652958629,
    "duration": 22,
    "pid": 18568,
    "index": 25
  },
  {
    "name": "Require(21) node_modules/egg-session/app/extend/application.js",
    "start": 1668652958608,
    "end": 1668652958608,
    "duration": 0,
    "pid": 18568,
    "index": 26
  },
  {
    "name": "Require(22) node_modules/egg-security/app/extend/application.js",
    "start": 1668652958609,
    "end": 1668652958610,
    "duration": 1,
    "pid": 18568,
    "index": 27
  },
  {
    "name": "Require(23) node_modules/egg-jsonp/app/extend/application.js",
    "start": 1668652958611,
    "end": 1668652958613,
    "duration": 2,
    "pid": 18568,
    "index": 28
  },
  {
    "name": "Require(24) node_modules/egg-schedule/app/extend/application.js",
    "start": 1668652958614,
    "end": 1668652958617,
    "duration": 3,
    "pid": 18568,
    "index": 29
  },
  {
    "name": "Require(25) node_modules/egg-logrotator/app/extend/application.js",
    "start": 1668652958618,
    "end": 1668652958620,
    "duration": 2,
    "pid": 18568,
    "index": 30
  },
  {
    "name": "Require(26) node_modules/egg-view/app/extend/application.js",
    "start": 1668652958621,
    "end": 1668652958623,
    "duration": 2,
    "pid": 18568,
    "index": 31
  },
  {
    "name": "Load extend/request.js",
    "start": 1668652958629,
    "end": 1668652958642,
    "duration": 13,
    "pid": 18568,
    "index": 32
  },
  {
    "name": "Require(27) node_modules/egg/app/extend/request.js",
    "start": 1668652958633,
    "end": 1668652958635,
    "duration": 2,
    "pid": 18568,
    "index": 33
  },
  {
    "name": "Load extend/response.js",
    "start": 1668652958642,
    "end": 1668652958653,
    "duration": 11,
    "pid": 18568,
    "index": 34
  },
  {
    "name": "Require(28) node_modules/egg/app/extend/response.js",
    "start": 1668652958646,
    "end": 1668652958648,
    "duration": 2,
    "pid": 18568,
    "index": 35
  },
  {
    "name": "Load extend/context.js",
    "start": 1668652958653,
    "end": 1668652958714,
    "duration": 61,
    "pid": 18568,
    "index": 36
  },
  {
    "name": "Require(29) node_modules/egg-security/app/extend/context.js",
    "start": 1668652958654,
    "end": 1668652958667,
    "duration": 13,
    "pid": 18568,
    "index": 37
  },
  {
    "name": "Require(30) node_modules/egg-jsonp/app/extend/context.js",
    "start": 1668652958668,
    "end": 1668652958670,
    "duration": 2,
    "pid": 18568,
    "index": 38
  },
  {
    "name": "Require(31) node_modules/egg-i18n/app/extend/context.js",
    "start": 1668652958670,
    "end": 1668652958671,
    "duration": 1,
    "pid": 18568,
    "index": 39
  },
  {
    "name": "Require(32) node_modules/egg-multipart/app/extend/context.js",
    "start": 1668652958672,
    "end": 1668652958705,
    "duration": 33,
    "pid": 18568,
    "index": 40
  },
  {
    "name": "Require(33) node_modules/egg-view/app/extend/context.js",
    "start": 1668652958706,
    "end": 1668652958707,
    "duration": 1,
    "pid": 18568,
    "index": 41
  },
  {
    "name": "Require(34) node_modules/egg/app/extend/context.js",
    "start": 1668652958708,
    "end": 1668652958709,
    "duration": 1,
    "pid": 18568,
    "index": 42
  },
  {
    "name": "Load extend/helper.js",
    "start": 1668652958714,
    "end": 1668652958752,
    "duration": 38,
    "pid": 18568,
    "index": 43
  },
  {
    "name": "Require(35) node_modules/egg-security/app/extend/helper.js",
    "start": 1668652958715,
    "end": 1668652958742,
    "duration": 27,
    "pid": 18568,
    "index": 44
  },
  {
    "name": "Require(36) node_modules/egg/app/extend/helper.js",
    "start": 1668652958745,
    "end": 1668652958745,
    "duration": 0,
    "pid": 18568,
    "index": 45
  },
  {
    "name": "Load app.js",
    "start": 1668652958752,
    "end": 1668652958809,
    "duration": 57,
    "pid": 18568,
    "index": 46
  },
  {
    "name": "Require(37) node_modules/egg-session/app.js",
    "start": 1668652958752,
    "end": 1668652958753,
    "duration": 1,
    "pid": 18568,
    "index": 47
  },
  {
    "name": "Require(38) node_modules/egg-security/app.js",
    "start": 1668652958753,
    "end": 1668652958757,
    "duration": 4,
    "pid": 18568,
    "index": 48
  },
  {
    "name": "Require(39) node_modules/egg-onerror/app.js",
    "start": 1668652958758,
    "end": 1668652958772,
    "duration": 14,
    "pid": 18568,
    "index": 49
  },
  {
    "name": "Require(40) node_modules/egg-i18n/app.js",
    "start": 1668652958772,
    "end": 1668652958793,
    "duration": 21,
    "pid": 18568,
    "index": 50
  },
  {
    "name": "Require(41) node_modules/egg-watcher/app.js",
    "start": 1668652958793,
    "end": 1668652958799,
    "duration": 6,
    "pid": 18568,
    "index": 51
  },
  {
    "name": "Require(42) node_modules/egg-schedule/app.js",
    "start": 1668652958799,
    "end": 1668652958800,
    "duration": 1,
    "pid": 18568,
    "index": 52
  },
  {
    "name": "Require(43) node_modules/egg-multipart/app.js",
    "start": 1668652958801,
    "end": 1668652958802,
    "duration": 1,
    "pid": 18568,
    "index": 53
  },
  {
    "name": "Require(44) node_modules/egg-development/app.js",
    "start": 1668652958803,
    "end": 1668652958803,
    "duration": 0,
    "pid": 18568,
    "index": 54
  },
  {
    "name": "Require(45) node_modules/egg-logrotator/app.js",
    "start": 1668652958804,
    "end": 1668652958804,
    "duration": 0,
    "pid": 18568,
    "index": 55
  },
  {
    "name": "Require(46) node_modules/egg-static/app.js",
    "start": 1668652958804,
    "end": 1668652958805,
    "duration": 1,
    "pid": 18568,
    "index": 56
  },
  {
    "name": "Require(47) node_modules/egg-sequelize/app.js",
    "start": 1668652958806,
    "end": 1668652958806,
    "duration": 0,
    "pid": 18568,
    "index": 57
  },
  {
    "name": "Require(48) node_modules/egg-cors/app.js",
    "start": 1668652958807,
    "end": 1668652958808,
    "duration": 1,
    "pid": 18568,
    "index": 58
  },
  {
    "name": "Before Start in node_modules/egg-watcher/lib/init.js:15:14",
    "start": 1668652958824,
    "end": 1668652959623,
    "duration": 799,
    "pid": 18568,
    "index": 59
  },
  {
    "name": "Load \"Symbol(model)\" to Application",
    "start": 1668652959387,
    "end": 1668652959396,
    "duration": 9,
    "pid": 18568,
    "index": 60
  },
  {
    "name": "Before Start in node_modules/egg-sequelize/lib/loader.js:39:7",
    "start": 1668652959396,
    "end": 1668652959641,
    "duration": 245,
    "pid": 18568,
    "index": 61
  },
  {
    "name": "Load Service",
    "start": 1668652959396,
    "end": 1668652959408,
    "duration": 12,
    "pid": 18568,
    "index": 62
  },
  {
    "name": "Load \"service\" to Context",
    "start": 1668652959396,
    "end": 1668652959408,
    "duration": 12,
    "pid": 18568,
    "index": 63
  },
  {
    "name": "Load Middleware",
    "start": 1668652959408,
    "end": 1668652959535,
    "duration": 127,
    "pid": 18568,
    "index": 64
  },
  {
    "name": "Load \"middlewares\" to Application",
    "start": 1668652959408,
    "end": 1668652959519,
    "duration": 111,
    "pid": 18568,
    "index": 65
  },
  {
    "name": "Load Controller",
    "start": 1668652959535,
    "end": 1668652959540,
    "duration": 5,
    "pid": 18568,
    "index": 66
  },
  {
    "name": "Load \"controller\" to Application",
    "start": 1668652959536,
    "end": 1668652959540,
    "duration": 4,
    "pid": 18568,
    "index": 67
  },
  {
    "name": "Load Router",
    "start": 1668652959540,
    "end": 1668652959543,
    "duration": 3,
    "pid": 18568,
    "index": 68
  },
  {
    "name": "Require(49) app/router.js",
    "start": 1668652959541,
    "end": 1668652959541,
    "duration": 0,
    "pid": 18568,
    "index": 69
  },
  {
    "name": "Before Start in node_modules/egg-core/lib/egg.js:303:10",
    "start": 1668652959542,
    "end": 1668652959576,
    "duration": 34,
    "pid": 18568,
    "index": 70
  }
]