[
  {
    "name": "Process Start",
    "start": 1668651622216,
    "end": 1668651623518,
    "duration": 1302,
    "pid": 29116,
    "index": 0
  },
  {
    "name": "Application Start",
    "start": 1668651623519,
    "end": 1668651624488,
    "duration": 969,
    "pid": 29116,
    "index": 1
  },
  {
    "name": "Load Plugin",
    "start": 1668651623525,
    "end": 1668651623544,
    "duration": 19,
    "pid": 29116,
    "index": 2
  },
  {
    "name": "Load Config",
    "start": 1668651623544,
    "end": 1668651623575,
    "duration": 31,
    "pid": 29116,
    "index": 3
  },
  {
    "name": "Require(0) config/config.default.js",
    "start": 1668651623545,
    "end": 1668651623545,
    "duration": 0,
    "pid": 29116,
    "index": 4
  },
  {
    "name": "Require(1) node_modules/egg-session/config/config.default.js",
    "start": 1668651623547,
    "end": 1668651623547,
    "duration": 0,
    "pid": 29116,
    "index": 5
  },
  {
    "name": "Require(2) node_modules/egg-security/config/config.default.js",
    "start": 1668651623548,
    "end": 1668651623548,
    "duration": 0,
    "pid": 29116,
    "index": 6
  },
  {
    "name": "Require(3) node_modules/egg-jsonp/config/config.default.js",
    "start": 1668651623549,
    "end": 1668651623550,
    "duration": 1,
    "pid": 29116,
    "index": 7
  },
  {
    "name": "Require(4) node_modules/egg-onerror/config/config.default.js",
    "start": 1668651623550,
    "end": 1668651623551,
    "duration": 1,
    "pid": 29116,
    "index": 8
  },
  {
    "name": "Require(5) node_modules/egg-i18n/config/config.default.js",
    "start": 1668651623551,
    "end": 1668651623552,
    "duration": 1,
    "pid": 29116,
    "index": 9
  },
  {
    "name": "Require(6) node_modules/egg-watcher/config/config.default.js",
    "start": 1668651623552,
    "end": 1668651623553,
    "duration": 1,
    "pid": 29116,
    "index": 10
  },
  {
    "name": "Require(7) node_modules/egg-schedule/config/config.default.js",
    "start": 1668651623553,
    "end": 1668651623554,
    "duration": 1,
    "pid": 29116,
    "index": 11
  },
  {
    "name": "Require(8) node_modules/egg-multipart/config/config.default.js",
    "start": 1668651623554,
    "end": 1668651623555,
    "duration": 1,
    "pid": 29116,
    "index": 12
  },
  {
    "name": "Require(9) node_modules/egg-development/config/config.default.js",
    "start": 1668651623556,
    "end": 1668651623556,
    "duration": 0,
    "pid": 29116,
    "index": 13
  },
  {
    "name": "Require(10) node_modules/egg-logrotator/config/config.default.js",
    "start": 1668651623557,
    "end": 1668651623557,
    "duration": 0,
    "pid": 29116,
    "index": 14
  },
  {
    "name": "Require(11) node_modules/egg-static/config/config.default.js",
    "start": 1668651623558,
    "end": 1668651623558,
    "duration": 0,
    "pid": 29116,
    "index": 15
  },
  {
    "name": "Require(12) node_modules/egg-view/config/config.default.js",
    "start": 1668651623559,
    "end": 1668651623560,
    "duration": 1,
    "pid": 29116,
    "index": 16
  },
  {
    "name": "Require(13) node_modules/egg-sequelize/config/config.default.js",
    "start": 1668651623560,
    "end": 1668651623561,
    "duration": 1,
    "pid": 29116,
    "index": 17
  },
  {
    "name": "Require(14) node_modules/egg-cors/config/config.default.js",
    "start": 1668651623561,
    "end": 1668651623562,
    "duration": 1,
    "pid": 29116,
    "index": 18
  },
  {
    "name": "Require(15) node_modules/egg/config/config.default.js",
    "start": 1668651623562,
    "end": 1668651623562,
    "duration": 0,
    "pid": 29116,
    "index": 19
  },
  {
    "name": "Require(16) config/config.default.js",
    "start": 1668651623564,
    "end": 1668651623564,
    "duration": 0,
    "pid": 29116,
    "index": 20
  },
  {
    "name": "Require(17) node_modules/egg-security/config/config.local.js",
    "start": 1668651623565,
    "end": 1668651623565,
    "duration": 0,
    "pid": 29116,
    "index": 21
  },
  {
    "name": "Require(18) node_modules/egg-watcher/config/config.local.js",
    "start": 1668651623566,
    "end": 1668651623567,
    "duration": 1,
    "pid": 29116,
    "index": 22
  },
  {
    "name": "Require(19) node_modules/egg-view/config/config.local.js",
    "start": 1668651623568,
    "end": 1668651623569,
    "duration": 1,
    "pid": 29116,
    "index": 23
  },
  {
    "name": "Require(20) node_modules/egg/config/config.local.js",
    "start": 1668651623573,
    "end": 1668651623574,
    "duration": 1,
    "pid": 29116,
    "index": 24
  },
  {
    "name": "Load extend/application.js",
    "start": 1668651623576,
    "end": 1668651623604,
    "duration": 28,
    "pid": 29116,
    "index": 25
  },
  {
    "name": "Require(21) node_modules/egg-session/app/extend/application.js",
    "start": 1668651623578,
    "end": 1668651623579,
    "duration": 1,
    "pid": 29116,
    "index": 26
  },
  {
    "name": "Require(22) node_modules/egg-security/app/extend/application.js",
    "start": 1668651623580,
    "end": 1668651623583,
    "duration": 3,
    "pid": 29116,
    "index": 27
  },
  {
    "name": "Require(23) node_modules/egg-jsonp/app/extend/application.js",
    "start": 1668651623584,
    "end": 1668651623587,
    "duration": 3,
    "pid": 29116,
    "index": 28
  },
  {
    "name": "Require(24) node_modules/egg-schedule/app/extend/application.js",
    "start": 1668651623589,
    "end": 1668651623592,
    "duration": 3,
    "pid": 29116,
    "index": 29
  },
  {
    "name": "Require(25) node_modules/egg-logrotator/app/extend/application.js",
    "start": 1668651623593,
    "end": 1668651623595,
    "duration": 2,
    "pid": 29116,
    "index": 30
  },
  {
    "name": "Require(26) node_modules/egg-view/app/extend/application.js",
    "start": 1668651623596,
    "end": 1668651623598,
    "duration": 2,
    "pid": 29116,
    "index": 31
  },
  {
    "name": "Load extend/request.js",
    "start": 1668651623604,
    "end": 1668651623615,
    "duration": 11,
    "pid": 29116,
    "index": 32
  },
  {
    "name": "Require(27) node_modules/egg/app/extend/request.js",
    "start": 1668651623608,
    "end": 1668651623610,
    "duration": 2,
    "pid": 29116,
    "index": 33
  },
  {
    "name": "Load extend/response.js",
    "start": 1668651623615,
    "end": 1668651623627,
    "duration": 12,
    "pid": 29116,
    "index": 34
  },
  {
    "name": "Require(28) node_modules/egg/app/extend/response.js",
    "start": 1668651623620,
    "end": 1668651623623,
    "duration": 3,
    "pid": 29116,
    "index": 35
  },
  {
    "name": "Load extend/context.js",
    "start": 1668651623627,
    "end": 1668651623698,
    "duration": 71,
    "pid": 29116,
    "index": 36
  },
  {
    "name": "Require(29) node_modules/egg-security/app/extend/context.js",
    "start": 1668651623628,
    "end": 1668651623642,
    "duration": 14,
    "pid": 29116,
    "index": 37
  },
  {
    "name": "Require(30) node_modules/egg-jsonp/app/extend/context.js",
    "start": 1668651623643,
    "end": 1668651623644,
    "duration": 1,
    "pid": 29116,
    "index": 38
  },
  {
    "name": "Require(31) node_modules/egg-i18n/app/extend/context.js",
    "start": 1668651623645,
    "end": 1668651623646,
    "duration": 1,
    "pid": 29116,
    "index": 39
  },
  {
    "name": "Require(32) node_modules/egg-multipart/app/extend/context.js",
    "start": 1668651623647,
    "end": 1668651623688,
    "duration": 41,
    "pid": 29116,
    "index": 40
  },
  {
    "name": "Require(33) node_modules/egg-view/app/extend/context.js",
    "start": 1668651623689,
    "end": 1668651623690,
    "duration": 1,
    "pid": 29116,
    "index": 41
  },
  {
    "name": "Require(34) node_modules/egg/app/extend/context.js",
    "start": 1668651623691,
    "end": 1668651623693,
    "duration": 2,
    "pid": 29116,
    "index": 42
  },
  {
    "name": "Load extend/helper.js",
    "start": 1668651623698,
    "end": 1668651623728,
    "duration": 30,
    "pid": 29116,
    "index": 43
  },
  {
    "name": "Require(35) node_modules/egg-security/app/extend/helper.js",
    "start": 1668651623699,
    "end": 1668651623718,
    "duration": 19,
    "pid": 29116,
    "index": 44
  },
  {
    "name": "Require(36) node_modules/egg/app/extend/helper.js",
    "start": 1668651623722,
    "end": 1668651623723,
    "duration": 1,
    "pid": 29116,
    "index": 45
  },
  {
    "name": "Load app.js",
    "start": 1668651623728,
    "end": 1668651623780,
    "duration": 52,
    "pid": 29116,
    "index": 46
  },
  {
    "name": "Require(37) node_modules/egg-session/app.js",
    "start": 1668651623728,
    "end": 1668651623729,
    "duration": 1,
    "pid": 29116,
    "index": 47
  },
  {
    "name": "Require(38) node_modules/egg-security/app.js",
    "start": 1668651623729,
    "end": 1668651623731,
    "duration": 2,
    "pid": 29116,
    "index": 48
  },
  {
    "name": "Require(39) node_modules/egg-onerror/app.js",
    "start": 1668651623732,
    "end": 1668651623743,
    "duration": 11,
    "pid": 29116,
    "index": 49
  },
  {
    "name": "Require(40) node_modules/egg-i18n/app.js",
    "start": 1668651623743,
    "end": 1668651623766,
    "duration": 23,
    "pid": 29116,
    "index": 50
  },
  {
    "name": "Require(41) node_modules/egg-watcher/app.js",
    "start": 1668651623767,
    "end": 1668651623771,
    "duration": 4,
    "pid": 29116,
    "index": 51
  },
  {
    "name": "Require(42) node_modules/egg-schedule/app.js",
    "start": 1668651623771,
    "end": 1668651623772,
    "duration": 1,
    "pid": 29116,
    "index": 52
  },
  {
    "name": "Require(43) node_modules/egg-multipart/app.js",
    "start": 1668651623772,
    "end": 1668651623774,
    "duration": 2,
    "pid": 29116,
    "index": 53
  },
  {
    "name": "Require(44) node_modules/egg-development/app.js",
    "start": 1668651623775,
    "end": 1668651623775,
    "duration": 0,
    "pid": 29116,
    "index": 54
  },
  {
    "name": "Require(45) node_modules/egg-logrotator/app.js",
    "start": 1668651623775,
    "end": 1668651623776,
    "duration": 1,
    "pid": 29116,
    "index": 55
  },
  {
    "name": "Require(46) node_modules/egg-static/app.js",
    "start": 1668651623776,
    "end": 1668651623777,
    "duration": 1,
    "pid": 29116,
    "index": 56
  },
  {
    "name": "Require(47) node_modules/egg-sequelize/app.js",
    "start": 1668651623778,
    "end": 1668651623778,
    "duration": 0,
    "pid": 29116,
    "index": 57
  },
  {
    "name": "Require(48) node_modules/egg-cors/app.js",
    "start": 1668651623778,
    "end": 1668651623779,
    "duration": 1,
    "pid": 29116,
    "index": 58
  },
  {
    "name": "Before Start in node_modules/egg-watcher/lib/init.js:15:14",
    "start": 1668651623790,
    "end": 1668651624474,
    "duration": 684,
    "pid": 29116,
    "index": 59
  },
  {
    "name": "Load \"Symbol(model)\" to Application",
    "start": 1668651624256,
    "end": 1668651624264,
    "duration": 8,
    "pid": 29116,
    "index": 60
  },
  {
    "name": "Before Start in node_modules/egg-sequelize/lib/loader.js:39:7",
    "start": 1668651624265,
    "end": 1668651624487,
    "duration": 222,
    "pid": 29116,
    "index": 61
  },
  {
    "name": "Load Service",
    "start": 1668651624265,
    "end": 1668651624275,
    "duration": 10,
    "pid": 29116,
    "index": 62
  },
  {
    "name": "Load \"service\" to Context",
    "start": 1668651624265,
    "end": 1668651624275,
    "duration": 10,
    "pid": 29116,
    "index": 63
  },
  {
    "name": "Load Middleware",
    "start": 1668651624275,
    "end": 1668651624395,
    "duration": 120,
    "pid": 29116,
    "index": 64
  },
  {
    "name": "Load \"middlewares\" to Application",
    "start": 1668651624275,
    "end": 1668651624381,
    "duration": 106,
    "pid": 29116,
    "index": 65
  },
  {
    "name": "Load Controller",
    "start": 1668651624395,
    "end": 1668651624398,
    "duration": 3,
    "pid": 29116,
    "index": 66
  },
  {
    "name": "Load \"controller\" to Application",
    "start": 1668651624395,
    "end": 1668651624398,
    "duration": 3,
    "pid": 29116,
    "index": 67
  },
  {
    "name": "Load Router",
    "start": 1668651624398,
    "end": 1668651624400,
    "duration": 2,
    "pid": 29116,
    "index": 68
  },
  {
    "name": "Require(49) app/router.js",
    "start": 1668651624399,
    "end": 1668651624399,
    "duration": 0,
    "pid": 29116,
    "index": 69
  },
  {
    "name": "Before Start in node_modules/egg-core/lib/egg.js:303:10",
    "start": 1668651624399,
    "end": 1668651624435,
    "duration": 36,
    "pid": 29116,
    "index": 70
  }
]