[
  {
    "name": "Process Start",
    "start": 1668651840987,
    "end": 1668651842484,
    "duration": 1497,
    "pid": 24712,
    "index": 0
  },
  {
    "name": "Application Start",
    "start": 1668651842485,
    "end": 1668651843551,
    "duration": 1066,
    "pid": 24712,
    "index": 1
  },
  {
    "name": "Load Plugin",
    "start": 1668651842491,
    "end": 1668651842522,
    "duration": 31,
    "pid": 24712,
    "index": 2
  },
  {
    "name": "Load Config",
    "start": 1668651842522,
    "end": 1668651842572,
    "duration": 50,
    "pid": 24712,
    "index": 3
  },
  {
    "name": "Require(0) config/config.default.js",
    "start": 1668651842523,
    "end": 1668651842524,
    "duration": 1,
    "pid": 24712,
    "index": 4
  },
  {
    "name": "Require(1) node_modules/egg-session/config/config.default.js",
    "start": 1668651842530,
    "end": 1668651842531,
    "duration": 1,
    "pid": 24712,
    "index": 5
  },
  {
    "name": "Require(2) node_modules/egg-security/config/config.default.js",
    "start": 1668651842532,
    "end": 1668651842533,
    "duration": 1,
    "pid": 24712,
    "index": 6
  },
  {
    "name": "Require(3) node_modules/egg-jsonp/config/config.default.js",
    "start": 1668651842535,
    "end": 1668651842538,
    "duration": 3,
    "pid": 24712,
    "index": 7
  },
  {
    "name": "Require(4) node_modules/egg-onerror/config/config.default.js",
    "start": 1668651842539,
    "end": 1668651842540,
    "duration": 1,
    "pid": 24712,
    "index": 8
  },
  {
    "name": "Require(5) node_modules/egg-i18n/config/config.default.js",
    "start": 1668651842541,
    "end": 1668651842543,
    "duration": 2,
    "pid": 24712,
    "index": 9
  },
  {
    "name": "Require(6) node_modules/egg-watcher/config/config.default.js",
    "start": 1668651842544,
    "end": 1668651842545,
    "duration": 1,
    "pid": 24712,
    "index": 10
  },
  {
    "name": "Require(7) node_modules/egg-schedule/config/config.default.js",
    "start": 1668651842547,
    "end": 1668651842547,
    "duration": 0,
    "pid": 24712,
    "index": 11
  },
  {
    "name": "Require(8) node_modules/egg-multipart/config/config.default.js",
    "start": 1668651842549,
    "end": 1668651842549,
    "duration": 0,
    "pid": 24712,
    "index": 12
  },
  {
    "name": "Require(9) node_modules/egg-development/config/config.default.js",
    "start": 1668651842551,
    "end": 1668651842552,
    "duration": 1,
    "pid": 24712,
    "index": 13
  },
  {
    "name": "Require(10) node_modules/egg-logrotator/config/config.default.js",
    "start": 1668651842554,
    "end": 1668651842554,
    "duration": 0,
    "pid": 24712,
    "index": 14
  },
  {
    "name": "Require(11) node_modules/egg-static/config/config.default.js",
    "start": 1668651842555,
    "end": 1668651842556,
    "duration": 1,
    "pid": 24712,
    "index": 15
  },
  {
    "name": "Require(12) node_modules/egg-view/config/config.default.js",
    "start": 1668651842557,
    "end": 1668651842558,
    "duration": 1,
    "pid": 24712,
    "index": 16
  },
  {
    "name": "Require(13) node_modules/egg-sequelize/config/config.default.js",
    "start": 1668651842559,
    "end": 1668651842560,
    "duration": 1,
    "pid": 24712,
    "index": 17
  },
  {
    "name": "Require(14) node_modules/egg-cors/config/config.default.js",
    "start": 1668651842560,
    "end": 1668651842561,
    "duration": 1,
    "pid": 24712,
    "index": 18
  },
  {
    "name": "Require(15) node_modules/egg/config/config.default.js",
    "start": 1668651842561,
    "end": 1668651842562,
    "duration": 1,
    "pid": 24712,
    "index": 19
  },
  {
    "name": "Require(16) config/config.default.js",
    "start": 1668651842564,
    "end": 1668651842564,
    "duration": 0,
    "pid": 24712,
    "index": 20
  },
  {
    "name": "Require(17) node_modules/egg-security/config/config.local.js",
    "start": 1668651842565,
    "end": 1668651842565,
    "duration": 0,
    "pid": 24712,
    "index": 21
  },
  {
    "name": "Require(18) node_modules/egg-watcher/config/config.local.js",
    "start": 1668651842567,
    "end": 1668651842567,
    "duration": 0,
    "pid": 24712,
    "index": 22
  },
  {
    "name": "Require(19) node_modules/egg-view/config/config.local.js",
    "start": 1668651842569,
    "end": 1668651842570,
    "duration": 1,
    "pid": 24712,
    "index": 23
  },
  {
    "name": "Require(20) node_modules/egg/config/config.local.js",
    "start": 1668651842571,
    "end": 1668651842572,
    "duration": 1,
    "pid": 24712,
    "index": 24
  },
  {
    "name": "Load extend/application.js",
    "start": 1668651842574,
    "end": 1668651842604,
    "duration": 30,
    "pid": 24712,
    "index": 25
  },
  {
    "name": "Require(21) node_modules/egg-session/app/extend/application.js",
    "start": 1668651842576,
    "end": 1668651842577,
    "duration": 1,
    "pid": 24712,
    "index": 26
  },
  {
    "name": "Require(22) node_modules/egg-security/app/extend/application.js",
    "start": 1668651842578,
    "end": 1668651842580,
    "duration": 2,
    "pid": 24712,
    "index": 27
  },
  {
    "name": "Require(23) node_modules/egg-jsonp/app/extend/application.js",
    "start": 1668651842581,
    "end": 1668651842585,
    "duration": 4,
    "pid": 24712,
    "index": 28
  },
  {
    "name": "Require(24) node_modules/egg-schedule/app/extend/application.js",
    "start": 1668651842587,
    "end": 1668651842590,
    "duration": 3,
    "pid": 24712,
    "index": 29
  },
  {
    "name": "Require(25) node_modules/egg-logrotator/app/extend/application.js",
    "start": 1668651842591,
    "end": 1668651842594,
    "duration": 3,
    "pid": 24712,
    "index": 30
  },
  {
    "name": "Require(26) node_modules/egg-view/app/extend/application.js",
    "start": 1668651842596,
    "end": 1668651842598,
    "duration": 2,
    "pid": 24712,
    "index": 31
  },
  {
    "name": "Load extend/request.js",
    "start": 1668651842604,
    "end": 1668651842616,
    "duration": 12,
    "pid": 24712,
    "index": 32
  },
  {
    "name": "Require(27) node_modules/egg/app/extend/request.js",
    "start": 1668651842609,
    "end": 1668651842610,
    "duration": 1,
    "pid": 24712,
    "index": 33
  },
  {
    "name": "Load extend/response.js",
    "start": 1668651842616,
    "end": 1668651842634,
    "duration": 18,
    "pid": 24712,
    "index": 34
  },
  {
    "name": "Require(28) node_modules/egg/app/extend/response.js",
    "start": 1668651842622,
    "end": 1668651842624,
    "duration": 2,
    "pid": 24712,
    "index": 35
  },
  {
    "name": "Load extend/context.js",
    "start": 1668651842634,
    "end": 1668651842707,
    "duration": 73,
    "pid": 24712,
    "index": 36
  },
  {
    "name": "Require(29) node_modules/egg-security/app/extend/context.js",
    "start": 1668651842635,
    "end": 1668651842653,
    "duration": 18,
    "pid": 24712,
    "index": 37
  },
  {
    "name": "Require(30) node_modules/egg-jsonp/app/extend/context.js",
    "start": 1668651842653,
    "end": 1668651842655,
    "duration": 2,
    "pid": 24712,
    "index": 38
  },
  {
    "name": "Require(31) node_modules/egg-i18n/app/extend/context.js",
    "start": 1668651842656,
    "end": 1668651842657,
    "duration": 1,
    "pid": 24712,
    "index": 39
  },
  {
    "name": "Require(32) node_modules/egg-multipart/app/extend/context.js",
    "start": 1668651842659,
    "end": 1668651842696,
    "duration": 37,
    "pid": 24712,
    "index": 40
  },
  {
    "name": "Require(33) node_modules/egg-view/app/extend/context.js",
    "start": 1668651842698,
    "end": 1668651842699,
    "duration": 1,
    "pid": 24712,
    "index": 41
  },
  {
    "name": "Require(34) node_modules/egg/app/extend/context.js",
    "start": 1668651842700,
    "end": 1668651842702,
    "duration": 2,
    "pid": 24712,
    "index": 42
  },
  {
    "name": "Load extend/helper.js",
    "start": 1668651842707,
    "end": 1668651842740,
    "duration": 33,
    "pid": 24712,
    "index": 43
  },
  {
    "name": "Require(35) node_modules/egg-security/app/extend/helper.js",
    "start": 1668651842708,
    "end": 1668651842730,
    "duration": 22,
    "pid": 24712,
    "index": 44
  },
  {
    "name": "Require(36) node_modules/egg/app/extend/helper.js",
    "start": 1668651842734,
    "end": 1668651842736,
    "duration": 2,
    "pid": 24712,
    "index": 45
  },
  {
    "name": "Load app.js",
    "start": 1668651842740,
    "end": 1668651842787,
    "duration": 47,
    "pid": 24712,
    "index": 46
  },
  {
    "name": "Require(37) node_modules/egg-session/app.js",
    "start": 1668651842741,
    "end": 1668651842741,
    "duration": 0,
    "pid": 24712,
    "index": 47
  },
  {
    "name": "Require(38) node_modules/egg-security/app.js",
    "start": 1668651842742,
    "end": 1668651842744,
    "duration": 2,
    "pid": 24712,
    "index": 48
  },
  {
    "name": "Require(39) node_modules/egg-onerror/app.js",
    "start": 1668651842745,
    "end": 1668651842755,
    "duration": 10,
    "pid": 24712,
    "index": 49
  },
  {
    "name": "Require(40) node_modules/egg-i18n/app.js",
    "start": 1668651842755,
    "end": 1668651842772,
    "duration": 17,
    "pid": 24712,
    "index": 50
  },
  {
    "name": "Require(41) node_modules/egg-watcher/app.js",
    "start": 1668651842772,
    "end": 1668651842778,
    "duration": 6,
    "pid": 24712,
    "index": 51
  },
  {
    "name": "Require(42) node_modules/egg-schedule/app.js",
    "start": 1668651842779,
    "end": 1668651842780,
    "duration": 1,
    "pid": 24712,
    "index": 52
  },
  {
    "name": "Require(43) node_modules/egg-multipart/app.js",
    "start": 1668651842780,
    "end": 1668651842782,
    "duration": 2,
    "pid": 24712,
    "index": 53
  },
  {
    "name": "Require(44) node_modules/egg-development/app.js",
    "start": 1668651842782,
    "end": 1668651842782,
    "duration": 0,
    "pid": 24712,
    "index": 54
  },
  {
    "name": "Require(45) node_modules/egg-logrotator/app.js",
    "start": 1668651842783,
    "end": 1668651842783,
    "duration": 0,
    "pid": 24712,
    "index": 55
  },
  {
    "name": "Require(46) node_modules/egg-static/app.js",
    "start": 1668651842784,
    "end": 1668651842784,
    "duration": 0,
    "pid": 24712,
    "index": 56
  },
  {
    "name": "Require(47) node_modules/egg-sequelize/app.js",
    "start": 1668651842785,
    "end": 1668651842785,
    "duration": 0,
    "pid": 24712,
    "index": 57
  },
  {
    "name": "Require(48) node_modules/egg-cors/app.js",
    "start": 1668651842786,
    "end": 1668651842786,
    "duration": 0,
    "pid": 24712,
    "index": 58
  },
  {
    "name": "Before Start in node_modules/egg-watcher/lib/init.js:15:14",
    "start": 1668651842797,
    "end": 1668651843536,
    "duration": 739,
    "pid": 24712,
    "index": 59
  },
  {
    "name": "Load \"Symbol(model)\" to Application",
    "start": 1668651843275,
    "end": 1668651843284,
    "duration": 9,
    "pid": 24712,
    "index": 60
  },
  {
    "name": "Before Start in node_modules/egg-sequelize/lib/loader.js:39:7",
    "start": 1668651843284,
    "end": 1668651843550,
    "duration": 266,
    "pid": 24712,
    "index": 61
  },
  {
    "name": "Load Service",
    "start": 1668651843284,
    "end": 1668651843300,
    "duration": 16,
    "pid": 24712,
    "index": 62
  },
  {
    "name": "Load \"service\" to Context",
    "start": 1668651843284,
    "end": 1668651843300,
    "duration": 16,
    "pid": 24712,
    "index": 63
  },
  {
    "name": "Load Middleware",
    "start": 1668651843301,
    "end": 1668651843437,
    "duration": 136,
    "pid": 24712,
    "index": 64
  },
  {
    "name": "Load \"middlewares\" to Application",
    "start": 1668651843301,
    "end": 1668651843419,
    "duration": 118,
    "pid": 24712,
    "index": 65
  },
  {
    "name": "Load Controller",
    "start": 1668651843437,
    "end": 1668651843442,
    "duration": 5,
    "pid": 24712,
    "index": 66
  },
  {
    "name": "Load \"controller\" to Application",
    "start": 1668651843437,
    "end": 1668651843442,
    "duration": 5,
    "pid": 24712,
    "index": 67
  },
  {
    "name": "Load Router",
    "start": 1668651843442,
    "end": 1668651843446,
    "duration": 4,
    "pid": 24712,
    "index": 68
  },
  {
    "name": "Require(49) app/router.js",
    "start": 1668651843443,
    "end": 1668651843444,
    "duration": 1,
    "pid": 24712,
    "index": 69
  },
  {
    "name": "Before Start in node_modules/egg-core/lib/egg.js:303:10",
    "start": 1668651843444,
    "end": 1668651843493,
    "duration": 49,
    "pid": 24712,
    "index": 70
  }
]