[
  {
    "name": "Process Start",
    "start": 1668651981784,
    "end": 1668651983087,
    "duration": 1303,
    "pid": 23496,
    "index": 0
  },
  {
    "name": "Application Start",
    "start": 1668651983088,
    "end": 1668651984269,
    "duration": 1181,
    "pid": 23496,
    "index": 1
  },
  {
    "name": "Load Plugin",
    "start": 1668651983098,
    "end": 1668651983128,
    "duration": 30,
    "pid": 23496,
    "index": 2
  },
  {
    "name": "Load Config",
    "start": 1668651983128,
    "end": 1668651983169,
    "duration": 41,
    "pid": 23496,
    "index": 3
  },
  {
    "name": "Require(0) config/config.default.js",
    "start": 1668651983131,
    "end": 1668651983132,
    "duration": 1,
    "pid": 23496,
    "index": 4
  },
  {
    "name": "Require(1) node_modules/egg-session/config/config.default.js",
    "start": 1668651983134,
    "end": 1668651983134,
    "duration": 0,
    "pid": 23496,
    "index": 5
  },
  {
    "name": "Require(2) node_modules/egg-security/config/config.default.js",
    "start": 1668651983135,
    "end": 1668651983135,
    "duration": 0,
    "pid": 23496,
    "index": 6
  },
  {
    "name": "Require(3) node_modules/egg-jsonp/config/config.default.js",
    "start": 1668651983137,
    "end": 1668651983137,
    "duration": 0,
    "pid": 23496,
    "index": 7
  },
  {
    "name": "Require(4) node_modules/egg-onerror/config/config.default.js",
    "start": 1668651983138,
    "end": 1668651983138,
    "duration": 0,
    "pid": 23496,
    "index": 8
  },
  {
    "name": "Require(5) node_modules/egg-i18n/config/config.default.js",
    "start": 1668651983139,
    "end": 1668651983139,
    "duration": 0,
    "pid": 23496,
    "index": 9
  },
  {
    "name": "Require(6) node_modules/egg-watcher/config/config.default.js",
    "start": 1668651983140,
    "end": 1668651983142,
    "duration": 2,
    "pid": 23496,
    "index": 10
  },
  {
    "name": "Require(7) node_modules/egg-schedule/config/config.default.js",
    "start": 1668651983144,
    "end": 1668651983146,
    "duration": 2,
    "pid": 23496,
    "index": 11
  },
  {
    "name": "Require(8) node_modules/egg-multipart/config/config.default.js",
    "start": 1668651983147,
    "end": 1668651983147,
    "duration": 0,
    "pid": 23496,
    "index": 12
  },
  {
    "name": "Require(9) node_modules/egg-development/config/config.default.js",
    "start": 1668651983148,
    "end": 1668651983149,
    "duration": 1,
    "pid": 23496,
    "index": 13
  },
  {
    "name": "Require(10) node_modules/egg-logrotator/config/config.default.js",
    "start": 1668651983149,
    "end": 1668651983150,
    "duration": 1,
    "pid": 23496,
    "index": 14
  },
  {
    "name": "Require(11) node_modules/egg-static/config/config.default.js",
    "start": 1668651983150,
    "end": 1668651983151,
    "duration": 1,
    "pid": 23496,
    "index": 15
  },
  {
    "name": "Require(12) node_modules/egg-view/config/config.default.js",
    "start": 1668651983151,
    "end": 1668651983152,
    "duration": 1,
    "pid": 23496,
    "index": 16
  },
  {
    "name": "Require(13) node_modules/egg-sequelize/config/config.default.js",
    "start": 1668651983152,
    "end": 1668651983153,
    "duration": 1,
    "pid": 23496,
    "index": 17
  },
  {
    "name": "Require(14) node_modules/egg-cors/config/config.default.js",
    "start": 1668651983153,
    "end": 1668651983154,
    "duration": 1,
    "pid": 23496,
    "index": 18
  },
  {
    "name": "Require(15) node_modules/egg/config/config.default.js",
    "start": 1668651983154,
    "end": 1668651983155,
    "duration": 1,
    "pid": 23496,
    "index": 19
  },
  {
    "name": "Require(16) config/config.default.js",
    "start": 1668651983156,
    "end": 1668651983156,
    "duration": 0,
    "pid": 23496,
    "index": 20
  },
  {
    "name": "Require(17) node_modules/egg-security/config/config.local.js",
    "start": 1668651983159,
    "end": 1668651983160,
    "duration": 1,
    "pid": 23496,
    "index": 21
  },
  {
    "name": "Require(18) node_modules/egg-watcher/config/config.local.js",
    "start": 1668651983164,
    "end": 1668651983164,
    "duration": 0,
    "pid": 23496,
    "index": 22
  },
  {
    "name": "Require(19) node_modules/egg-view/config/config.local.js",
    "start": 1668651983166,
    "end": 1668651983167,
    "duration": 1,
    "pid": 23496,
    "index": 23
  },
  {
    "name": "Require(20) node_modules/egg/config/config.local.js",
    "start": 1668651983168,
    "end": 1668651983168,
    "duration": 0,
    "pid": 23496,
    "index": 24
  },
  {
    "name": "Load extend/application.js",
    "start": 1668651983169,
    "end": 1668651983203,
    "duration": 34,
    "pid": 23496,
    "index": 25
  },
  {
    "name": "Require(21) node_modules/egg-session/app/extend/application.js",
    "start": 1668651983170,
    "end": 1668651983171,
    "duration": 1,
    "pid": 23496,
    "index": 26
  },
  {
    "name": "Require(22) node_modules/egg-security/app/extend/application.js",
    "start": 1668651983171,
    "end": 1668651983174,
    "duration": 3,
    "pid": 23496,
    "index": 27
  },
  {
    "name": "Require(23) node_modules/egg-jsonp/app/extend/application.js",
    "start": 1668651983176,
    "end": 1668651983181,
    "duration": 5,
    "pid": 23496,
    "index": 28
  },
  {
    "name": "Require(24) node_modules/egg-schedule/app/extend/application.js",
    "start": 1668651983182,
    "end": 1668651983185,
    "duration": 3,
    "pid": 23496,
    "index": 29
  },
  {
    "name": "Require(25) node_modules/egg-logrotator/app/extend/application.js",
    "start": 1668651983186,
    "end": 1668651983188,
    "duration": 2,
    "pid": 23496,
    "index": 30
  },
  {
    "name": "Require(26) node_modules/egg-view/app/extend/application.js",
    "start": 1668651983189,
    "end": 1668651983197,
    "duration": 8,
    "pid": 23496,
    "index": 31
  },
  {
    "name": "Load extend/request.js",
    "start": 1668651983203,
    "end": 1668651983235,
    "duration": 32,
    "pid": 23496,
    "index": 32
  },
  {
    "name": "Require(27) node_modules/egg/app/extend/request.js",
    "start": 1668651983216,
    "end": 1668651983219,
    "duration": 3,
    "pid": 23496,
    "index": 33
  },
  {
    "name": "Load extend/response.js",
    "start": 1668651983235,
    "end": 1668651983252,
    "duration": 17,
    "pid": 23496,
    "index": 34
  },
  {
    "name": "Require(28) node_modules/egg/app/extend/response.js",
    "start": 1668651983241,
    "end": 1668651983247,
    "duration": 6,
    "pid": 23496,
    "index": 35
  },
  {
    "name": "Load extend/context.js",
    "start": 1668651983252,
    "end": 1668651983352,
    "duration": 100,
    "pid": 23496,
    "index": 36
  },
  {
    "name": "Require(29) node_modules/egg-security/app/extend/context.js",
    "start": 1668651983253,
    "end": 1668651983284,
    "duration": 31,
    "pid": 23496,
    "index": 37
  },
  {
    "name": "Require(30) node_modules/egg-jsonp/app/extend/context.js",
    "start": 1668651983284,
    "end": 1668651983286,
    "duration": 2,
    "pid": 23496,
    "index": 38
  },
  {
    "name": "Require(31) node_modules/egg-i18n/app/extend/context.js",
    "start": 1668651983287,
    "end": 1668651983288,
    "duration": 1,
    "pid": 23496,
    "index": 39
  },
  {
    "name": "Require(32) node_modules/egg-multipart/app/extend/context.js",
    "start": 1668651983289,
    "end": 1668651983338,
    "duration": 49,
    "pid": 23496,
    "index": 40
  },
  {
    "name": "Require(33) node_modules/egg-view/app/extend/context.js",
    "start": 1668651983339,
    "end": 1668651983342,
    "duration": 3,
    "pid": 23496,
    "index": 41
  },
  {
    "name": "Require(34) node_modules/egg/app/extend/context.js",
    "start": 1668651983345,
    "end": 1668651983348,
    "duration": 3,
    "pid": 23496,
    "index": 42
  },
  {
    "name": "Load extend/helper.js",
    "start": 1668651983352,
    "end": 1668651983389,
    "duration": 37,
    "pid": 23496,
    "index": 43
  },
  {
    "name": "Require(35) node_modules/egg-security/app/extend/helper.js",
    "start": 1668651983353,
    "end": 1668651983381,
    "duration": 28,
    "pid": 23496,
    "index": 44
  },
  {
    "name": "Require(36) node_modules/egg/app/extend/helper.js",
    "start": 1668651983385,
    "end": 1668651983385,
    "duration": 0,
    "pid": 23496,
    "index": 45
  },
  {
    "name": "Load app.js",
    "start": 1668651983390,
    "end": 1668651983454,
    "duration": 64,
    "pid": 23496,
    "index": 46
  },
  {
    "name": "Require(37) node_modules/egg-session/app.js",
    "start": 1668651983392,
    "end": 1668651983393,
    "duration": 1,
    "pid": 23496,
    "index": 47
  },
  {
    "name": "Require(38) node_modules/egg-security/app.js",
    "start": 1668651983395,
    "end": 1668651983399,
    "duration": 4,
    "pid": 23496,
    "index": 48
  },
  {
    "name": "Require(39) node_modules/egg-onerror/app.js",
    "start": 1668651983400,
    "end": 1668651983414,
    "duration": 14,
    "pid": 23496,
    "index": 49
  },
  {
    "name": "Require(40) node_modules/egg-i18n/app.js",
    "start": 1668651983415,
    "end": 1668651983436,
    "duration": 21,
    "pid": 23496,
    "index": 50
  },
  {
    "name": "Require(41) node_modules/egg-watcher/app.js",
    "start": 1668651983437,
    "end": 1668651983446,
    "duration": 9,
    "pid": 23496,
    "index": 51
  },
  {
    "name": "Require(42) node_modules/egg-schedule/app.js",
    "start": 1668651983446,
    "end": 1668651983447,
    "duration": 1,
    "pid": 23496,
    "index": 52
  },
  {
    "name": "Require(43) node_modules/egg-multipart/app.js",
    "start": 1668651983447,
    "end": 1668651983449,
    "duration": 2,
    "pid": 23496,
    "index": 53
  },
  {
    "name": "Require(44) node_modules/egg-development/app.js",
    "start": 1668651983450,
    "end": 1668651983450,
    "duration": 0,
    "pid": 23496,
    "index": 54
  },
  {
    "name": "Require(45) node_modules/egg-logrotator/app.js",
    "start": 1668651983450,
    "end": 1668651983451,
    "duration": 1,
    "pid": 23496,
    "index": 55
  },
  {
    "name": "Require(46) node_modules/egg-static/app.js",
    "start": 1668651983451,
    "end": 1668651983451,
    "duration": 0,
    "pid": 23496,
    "index": 56
  },
  {
    "name": "Require(47) node_modules/egg-sequelize/app.js",
    "start": 1668651983452,
    "end": 1668651983452,
    "duration": 0,
    "pid": 23496,
    "index": 57
  },
  {
    "name": "Require(48) node_modules/egg-cors/app.js",
    "start": 1668651983453,
    "end": 1668651983453,
    "duration": 0,
    "pid": 23496,
    "index": 58
  },
  {
    "name": "Before Start in node_modules/egg-watcher/lib/init.js:15:14",
    "start": 1668651983472,
    "end": 1668651984221,
    "duration": 749,
    "pid": 23496,
    "index": 59
  },
  {
    "name": "Load \"Symbol(model)\" to Application",
    "start": 1668651984023,
    "end": 1668651984033,
    "duration": 10,
    "pid": 23496,
    "index": 60
  },
  {
    "name": "Before Start in node_modules/egg-sequelize/lib/loader.js:39:7",
    "start": 1668651984033,
    "end": 1668651984268,
    "duration": 235,
    "pid": 23496,
    "index": 61
  },
  {
    "name": "Load Service",
    "start": 1668651984033,
    "end": 1668651984045,
    "duration": 12,
    "pid": 23496,
    "index": 62
  },
  {
    "name": "Load \"service\" to Context",
    "start": 1668651984033,
    "end": 1668651984045,
    "duration": 12,
    "pid": 23496,
    "index": 63
  },
  {
    "name": "Load Middleware",
    "start": 1668651984045,
    "end": 1668651984158,
    "duration": 113,
    "pid": 23496,
    "index": 64
  },
  {
    "name": "Load \"middlewares\" to Application",
    "start": 1668651984045,
    "end": 1668651984145,
    "duration": 100,
    "pid": 23496,
    "index": 65
  },
  {
    "name": "Load Controller",
    "start": 1668651984159,
    "end": 1668651984162,
    "duration": 3,
    "pid": 23496,
    "index": 66
  },
  {
    "name": "Load \"controller\" to Application",
    "start": 1668651984159,
    "end": 1668651984162,
    "duration": 3,
    "pid": 23496,
    "index": 67
  },
  {
    "name": "Load Router",
    "start": 1668651984163,
    "end": 1668651984165,
    "duration": 2,
    "pid": 23496,
    "index": 68
  },
  {
    "name": "Require(49) app/router.js",
    "start": 1668651984163,
    "end": 1668651984163,
    "duration": 0,
    "pid": 23496,
    "index": 69
  },
  {
    "name": "Before Start in node_modules/egg-core/lib/egg.js:303:10",
    "start": 1668651984163,
    "end": 1668651984203,
    "duration": 40,
    "pid": 23496,
    "index": 70
  }
]